Timestamp,Category,Status
2026-09-28 03:06:21.166012,AUTOMATION_RUN,SUCCESS
2026-09-29 02:27:18.563577,AUTOMATION_RUN,SUCCESS
2026-09-29 03:45:25.727194,AUTOMATION_RUN,SUCCESS
2026-09-30 03:33:53.171947,AUTOMATION_RUN,SUCCESS
2026-10-01 03:38:44.203411,AUTOMATION_RUN,SUCCESS
2026-10-02 03:38:21.189786,AUTOMATION_RUN,SUCCESS
2026-10-03 03:22:29.467170,AUTOMATION_RUN,SUCCESS
2026-10-04 03:50:13.935438,AUTOMATION_RUN,SUCCESS
2026-10-05 03:35:00.025108,AUTOMATION_RUN,SUCCESS
2026-10-06 04:23:09.596925,AUTOMATION_RUN,SUCCESS
2026-10-07 03:49:18.993821,AUTOMATION_RUN,SUCCESS
2026-10-08 04:02:53.879732,AUTOMATION_RUN,SUCCESS
2026-10-09 04:07:57.979353,AUTOMATION_RUN,SUCCESS
